{
  "testData": [
    {
      "columnKey": 1,
      "productName": "Test",
      "productCategory": "Test"
    },
    {
      "columnKey": 1,
      "productName": "Test",
      "productCategory": "Test"
    },
    {
      "columnKey": 1,
      "productName": "Test",
      "productCategory": "Test"
    },
    {
      "columnKey": 1,
      "productName": "neww",
      "productCategory": "Test"
    },
    {
      "columnKey": 1,
      "productName": "Test",
      "productCategory": "Test"
    },
    {
      "columnKey": 1,
      "productName": "Test",
      "productCategory": "Test"
    },
    {
      "columnKey": 1,
      "productName": "Test",
      "productCategory": "Test"
    }
  ]
}
